,Real Mean,Synthetic (Before),Synthetic (After),Δ Mean Improvement,T-Test p Before,T-Test p After,KS-Test p Before,KS-Test p After
Mean_K,0.5225737709999999,0.0849731618,0.0849731618,0.0,0.0,0.0,0.0,0.0
Mean_dP/dy,0.9434886305062694,0.2425452544578871,0.2425452544578871,0.0,2e-05,2e-05,0.0,0.0
FlowRate,0.2671099491601312,0.0088432275523761,0.0088432275523761,0.0,0.0,0.0,0.0,0.0
Porosity,0.7257342615,0.0898984922,0.0898984922,0.0,0.0,0.0,0.0,0.0
Anisotropy,1.0024312035,0.9819432010000002,0.9819432010000002,0.0,0.33924,0.33924,0.22139,0.22139
